"Name","Id","Running Processes","PSComputerName","RunspaceId","PSShowComputerName"
"svchost","792","00:52:44.4642980","2testingWin7","9bb42788-669d-4e41-80eb-19cc35bf40e3","True"
"svchost","764","00:52:42.7170950","2testingWin7","9bb42788-669d-4e41-80eb-19cc35bf40e3","True"
"svchost","748","00:52:44.4954981","2testingWin7","9bb42788-669d-4e41-80eb-19cc35bf40e3","True"
"svchost","900","00:52:44.3862979","2testingWin7","9bb42788-669d-4e41-80eb-19cc35bf40e3","True"
"svchost","1012","00:52:44.2614977","2testingWin7","9bb42788-669d-4e41-80eb-19cc35bf40e3","True"
"svchost","956","00:52:44.3550979","2testingWin7","9bb42788-669d-4e41-80eb-19cc35bf40e3","True"
"svchost","924","00:52:44.3862979","2testingWin7","9bb42788-669d-4e41-80eb-19cc35bf40e3","True"
"SearchIndexer","2920","00:52:17.9442515","2testingWin7","9bb42788-669d-4e41-80eb-19cc35bf40e3","True"
"Screenshotter","3728","00:28:52.1179298","2testingWin7","9bb42788-669d-4e41-80eb-19cc35bf40e3","True"
"Screenshotter","3400","00:35:48.1238605","2testingWin7","9bb42788-669d-4e41-80eb-19cc35bf40e3","True"
"services","552","00:52:45.0414991","2testingWin7","9bb42788-669d-4e41-80eb-19cc35bf40e3","True"
"svchost","672","00:52:44.7918986","2testingWin7","9bb42788-669d-4e41-80eb-19cc35bf40e3","True"
"spoolsv","1060","00:52:42.0306938","2testingWin7","9bb42788-669d-4e41-80eb-19cc35bf40e3","True"
"smss","308","00:52:49.8307075","2testingWin7","9bb42788-669d-4e41-80eb-19cc35bf40e3","True"
"svchost","1088","00:52:42.0150937","2testingWin7","9bb42788-669d-4e41-80eb-19cc35bf40e3","True"
"vmtoolsd","2616","00:52:23.8878661","2testingWin7","9bb42788-669d-4e41-80eb-19cc35bf40e3","True"
"vmtoolsd","1384","00:52:41.4534969","2testingWin7","9bb42788-669d-4e41-80eb-19cc35bf40e3","True"
"VGAuthService","1352","00:52:41.7186932","2testingWin7","9bb42788-669d-4e41-80eb-19cc35bf40e3","True"
"wininit","444","00:52:45.9931049","2testingWin7","9bb42788-669d-4e41-80eb-19cc35bf40e3","True"
"wsmprovhost","2832","00:00:00.4213134","2testingWin7","9bb42788-669d-4e41-80eb-19cc35bf40e3","True"
"WmiPrvSE","160","00:52:35.7750870","2testingWin7","9bb42788-669d-4e41-80eb-19cc35bf40e3","True"
"winlogon","512","00:52:45.9151048","2testingWin7","9bb42788-669d-4e41-80eb-19cc35bf40e3","True"
"svchost","2168","00:52:27.5226683","2testingWin7","9bb42788-669d-4e41-80eb-19cc35bf40e3","True"
"svchost","1740","00:52:40.2210906","2testingWin7","9bb42788-669d-4e41-80eb-19cc35bf40e3","True"
"svchost","1212","00:52:41.9058935","2testingWin7","9bb42788-669d-4e41-80eb-19cc35bf40e3","True"
"svchost","2820","00:52:19.3794540","2testingWin7","9bb42788-669d-4e41-80eb-19cc35bf40e3","True"
"TrustedInstaller","2076","00:03:33.9630495","2testingWin7","9bb42788-669d-4e41-80eb-19cc35bf40e3","True"
"taskhost","2312","00:52:24.9018637","2testingWin7","9bb42788-669d-4e41-80eb-19cc35bf40e3","True"
"svchost","3280","00:04:11.1969540","2testingWin7","9bb42788-669d-4e41-80eb-19cc35bf40e3","True"
"Screenshotter","3116","00:36:33.8631408","2testingWin7","9bb42788-669d-4e41-80eb-19cc35bf40e3","True"
"dwm","2360","00:52:24.8550594","2testingWin7","9bb42788-669d-4e41-80eb-19cc35bf40e3","True"
"dllhost","1516","00:00:00.4213134","2testingWin7","9bb42788-669d-4e41-80eb-19cc35bf40e3","True"
"csrss","456","00:52:45.9462965","2testingWin7","9bb42788-669d-4e41-80eb-19cc35bf40e3","True"
"explorer","2452","00:52:24.7614593","2testingWin7","9bb42788-669d-4e41-80eb-19cc35bf40e3","True"
"msdtc","2028","00:52:36.8046804","2testingWin7","9bb42788-669d-4e41-80eb-19cc35bf40e3","True"
"lsm","568","00:52:44.9946948","2testingWin7","9bb42788-669d-4e41-80eb-19cc35bf40e3","True"
"lsass","560","00:52:44.9946948","2testingWin7","9bb42788-669d-4e41-80eb-19cc35bf40e3","True"
"conhost","3068","00:28:51.2287240","2testingWin7","9bb42788-669d-4e41-80eb-19cc35bf40e3","True"
"conhost","1912","00:35:42.0710457","2testingWin7","9bb42788-669d-4e41-80eb-19cc35bf40e3","True"
"conhost","1648","00:29:39.4484046","2testingWin7","9bb42788-669d-4e41-80eb-19cc35bf40e3","True"
"conhost","3372","00:29:55.8128375","2testingWin7","9bb42788-669d-4e41-80eb-19cc35bf40e3","True"
"csrss","392","00:52:46.1334968","2testingWin7","9bb42788-669d-4e41-80eb-19cc35bf40e3","True"
"conhost","4092","00:28:59.5591387","2testingWin7","9bb42788-669d-4e41-80eb-19cc35bf40e3","True"
"conhost","3396","00:29:21.1807767","2testingWin7","9bb42788-669d-4e41-80eb-19cc35bf40e3","True"
"powershell","1412","00:29:21.1807767","2testingWin7","9bb42788-669d-4e41-80eb-19cc35bf40e3","True"
"Screenshotter","2652","00:29:22.3351829","2testingWin7","9bb42788-669d-4e41-80eb-19cc35bf40e3","True"
"Screenshotter","1716","00:29:39.6824133","2testingWin7","9bb42788-669d-4e41-80eb-19cc35bf40e3","True"
"Screenshotter","1608","00:29:56.8892435","2testingWin7","9bb42788-669d-4e41-80eb-19cc35bf40e3","True"
"Screenshotter","2696","00:29:00.2611441","2testingWin7","9bb42788-669d-4e41-80eb-19cc35bf40e3","True"
"Screenshotter","2992","00:28:59.7775432","2testingWin7","9bb42788-669d-4e41-80eb-19cc35bf40e3","True"
"svchost","1648","00:50:15.7715630","WIN-B7VK0P6ACHO","d8b77fa5-25e1-4997-8376-e214b740eb68","True"
"svchost","1656","00:50:15.7707748","WIN-B7VK0P6ACHO","d8b77fa5-25e1-4997-8376-e214b740eb68","True"
"svchost","1572","00:50:15.9554205","WIN-B7VK0P6ACHO","d8b77fa5-25e1-4997-8376-e214b740eb68","True"
"svchost","1608","00:50:15.8760288","WIN-B7VK0P6ACHO","d8b77fa5-25e1-4997-8376-e214b740eb68","True"
"svchost","1664","00:50:15.7701876","WIN-B7VK0P6ACHO","d8b77fa5-25e1-4997-8376-e214b740eb68","True"
"svchost","2040","00:50:13.1969922","WIN-B7VK0P6ACHO","d8b77fa5-25e1-4997-8376-e214b740eb68","True"
"svchost","2108","00:50:12.8472265","WIN-B7VK0P6ACHO","d8b77fa5-25e1-4997-8376-e214b740eb68","True"
"svchost","1800","00:50:15.1769433","WIN-B7VK0P6ACHO","d8b77fa5-25e1-4997-8376-e214b740eb68","True"
"svchost","1956","00:50:14.2160383","WIN-B7VK0P6ACHO","d8b77fa5-25e1-4997-8376-e214b740eb68","True"
"svchost","1336","00:50:16.8910235","WIN-B7VK0P6ACHO","d8b77fa5-25e1-4997-8376-e214b740eb68","True"
"svchost","1356","00:50:16.8679925","WIN-B7VK0P6ACHO","d8b77fa5-25e1-4997-8376-e214b740eb68","True"
"svchost","1208","00:24:52.7936295","WIN-B7VK0P6ACHO","d8b77fa5-25e1-4997-8376-e214b740eb68","True"
"svchost","1264","00:50:17.4271631","WIN-B7VK0P6ACHO","d8b77fa5-25e1-4997-8376-e214b740eb68","True"
"svchost","1392","00:50:16.8119905","WIN-B7VK0P6ACHO","d8b77fa5-25e1-4997-8376-e214b740eb68","True"
"svchost","1448","00:50:16.8137844","WIN-B7VK0P6ACHO","d8b77fa5-25e1-4997-8376-e214b740eb68","True"
"svchost","1532","00:50:16.1675625","WIN-B7VK0P6ACHO","d8b77fa5-25e1-4997-8376-e214b740eb68","True"
"svchost","1408","00:50:16.8047194","WIN-B7VK0P6ACHO","d8b77fa5-25e1-4997-8376-e214b740eb68","True"
"svchost","1416","00:50:16.8045430","WIN-B7VK0P6ACHO","d8b77fa5-25e1-4997-8376-e214b740eb68","True"
"svchost","3372","00:47:20.1328734","WIN-B7VK0P6ACHO","d8b77fa5-25e1-4997-8376-e214b740eb68","True"
"svchost","3712","00:49:38.4467883","WIN-B7VK0P6ACHO","d8b77fa5-25e1-4997-8376-e214b740eb68","True"
"svchost","2828","00:50:00.9503860","WIN-B7VK0P6ACHO","d8b77fa5-25e1-4997-8376-e214b740eb68","True"
"svchost","3016","00:47:26.3068333","WIN-B7VK0P6ACHO","d8b77fa5-25e1-4997-8376-e214b740eb68","True"
"svchost","4348","00:40:10.4711118","WIN-B7VK0P6ACHO","d8b77fa5-25e1-4997-8376-e214b740eb68","True"
"winlogon","512","00:50:27.6311789","WIN-B7VK0P6ACHO","d8b77fa5-25e1-4997-8376-e214b740eb68","True"
"wsmprovhost","912","00:00:08.2349205","WIN-B7VK0P6ACHO","d8b77fa5-25e1-4997-8376-e214b740eb68","True"
"System","4","00:50:37.5013033","WIN-B7VK0P6ACHO","d8b77fa5-25e1-4997-8376-e214b740eb68","True"
"wininit","468","00:50:27.7110216","WIN-B7VK0P6ACHO","d8b77fa5-25e1-4997-8376-e214b740eb68","True"
"svchost","2404","00:50:08.3089067","WIN-B7VK0P6ACHO","d8b77fa5-25e1-4997-8376-e214b740eb68","True"
"svchost","2704","00:50:01.0695278","WIN-B7VK0P6ACHO","d8b77fa5-25e1-4997-8376-e214b740eb68","True"
"svchost","2156","00:50:12.7586167","WIN-B7VK0P6ACHO","d8b77fa5-25e1-4997-8376-e214b740eb68","True"
"svchost","2200","00:50:12.4605566","WIN-B7VK0P6ACHO","d8b77fa5-25e1-4997-8376-e214b740eb68","True"
"svchost","2716","00:50:01.0661409","WIN-B7VK0P6ACHO","d8b77fa5-25e1-4997-8376-e214b740eb68","True"
"svchost","2808","00:50:00.9561285","WIN-B7VK0P6ACHO","d8b77fa5-25e1-4997-8376-e214b740eb68","True"
"svchost","2820","00:50:00.9529937","WIN-B7VK0P6ACHO","d8b77fa5-25e1-4997-8376-e214b740eb68","True"
"svchost","2764","00:50:01.0347896","WIN-B7VK0P6ACHO","d8b77fa5-25e1-4997-8376-e214b740eb68","True"
"svchost","2800","00:50:00.9572487","WIN-B7VK0P6ACHO","d8b77fa5-25e1-4997-8376-e214b740eb68","True"
"Microsoft.ActiveDirectory.WebServices","1476","00:49:08.2629719","WIN-B7VK0P6ACHO","d8b77fa5-25e1-4997-8376-e214b740eb68","True"
"msdtc","2724","00:47:27.0209324","WIN-B7VK0P6ACHO","d8b77fa5-25e1-4997-8376-e214b740eb68","True"
"LogonUI","964","00:50:19.6934274","WIN-B7VK0P6ACHO","d8b77fa5-25e1-4997-8376-e214b740eb68","True"
"lsass","600","00:50:26.5123664","WIN-B7VK0P6ACHO","d8b77fa5-25e1-4997-8376-e214b740eb68","True"
"MsMpEng","2756","00:50:01.0283215","WIN-B7VK0P6ACHO","d8b77fa5-25e1-4997-8376-e214b740eb68","True"
"services","580","00:50:26.8047015","WIN-B7VK0P6ACHO","d8b77fa5-25e1-4997-8376-e214b740eb68","True"
"smss","256","00:50:37.3739971","WIN-B7VK0P6ACHO","d8b77fa5-25e1-4997-8376-e214b740eb68","True"
"NisSrv","2864","00:10:28.7638784","WIN-B7VK0P6ACHO","d8b77fa5-25e1-4997-8376-e214b740eb68","True"
"Registry","88","00:50:43.4262143","WIN-B7VK0P6ACHO","d8b77fa5-25e1-4997-8376-e214b740eb68","True"
"dfsrs","2780","00:50:00.9555205","WIN-B7VK0P6ACHO","d8b77fa5-25e1-4997-8376-e214b740eb68","True"
"dfssvc","3052","00:50:00.0782396","WIN-B7VK0P6ACHO","d8b77fa5-25e1-4997-8376-e214b740eb68","True"
"csrss","372","00:50:28.7179831","WIN-B7VK0P6ACHO","d8b77fa5-25e1-4997-8376-e214b740eb68","True"
"csrss","448","00:50:27.6874678","WIN-B7VK0P6ACHO","d8b77fa5-25e1-4997-8376-e214b740eb68","True"
"dns","2840","00:50:00.9150157","WIN-B7VK0P6ACHO","d8b77fa5-25e1-4997-8376-e214b740eb68","True"
